Workbook

Sheet Raw_Data
A1: hcp_id | B1: specialty | C1: region | D1: decile | E1: patient_volume | F1: potential_score | G1: receptivity_score | H1: segment | I1: total_calls | J1: total_rx
A2: HCP0000 | B2: Primary Care | C2: West | D2: 1 | E2: 62 | F2: 17.253685 | G2: 26.059908 | H2: Low Priority | I2: 4 | J2: 29.6
A3: HCP0001 | B3: Oncology | C3: Midwest | D3: 5 | E3: 1154 | F3: 63.053112 | G3: 89.447199 | H3: Key Target | I3: 27 | J3: 3104.8
A4: HCP0002 | B4: Primary Care | C4: West | D4: 5 | E4: 1504 | F4: 70.769926 | G4: 60.45725 | H4: Key Target | I4: 21 | J4: 3937.3
A5: HCP0003 | B5: Primary Care | C5: West | D5: 3 | E5: 1124 | F5: 55.777648 | G5: 62.593752 | H5: Maintain | I5: 9 | J5: 1676.7
A6: HCP0004 | B6: Cardiology | C6: South | D6: 2 | E6: 798 | F6: 43.858426 | G6: 48.819553 | H6: Low Priority | I6: 5 | J6: 795.2
A7: HCP0005 | B7: Primary Care | C7: West | D7: 1 | E7: 1665 | F7: 49.947052 | G7: 51.542578 | H7: Low Priority | I7: 3 | J7: 792.9
A8: HCP0006 | B8: Primary Care | C8: South | D8: 1 | E8: 773 | F8: 17.033853 | G8: 74.291014 | H8: Maintain | I8: 6 | J8: 376.1
A9: HCP0007 | B9: Primary Care | C9: South | D9: 5 | E9: 1435 | F9: 64.992933 | G9: 54.353258 | H9: Growth | I9: 14 | J9: 3710.7
A10: HCP0008 | B10: Cardiology | C10: Midwest | D10: 1 | E10: 955 | F10: 20.457909 | G10: 65.613879 | H10: Maintain | I10: 5 | J10: 470.9
A11: HCP0009 | B11: Neurology | C11: West | D11: 10 | E11: 101 | F11: 68.384023 | G11: 51.079914 | H11: Growth | I11: 17 | J11: 494.3
A12: HCP0010 | B12: Oncology | C12: South | D12: 3 | E12: 1084 | F12: 51.975883 | G12: 48.156942 | H12: Low Priority | I12: 3 | J12: 1558.2
A13: HCP0011 | B13: Primary Care | C13: West | D13: 7 | E13: 146 | F13: 68.650351 | G13: 26.861717 | H13: Growth | I13: 12 | J13: 491.4
... A601: HCP0599 | B601: Primary Care | C601: South | D601: 8 | E601: 1341 | F601: 88.781838 | G601: 63.996307 | H601: Key Target | I601: 15 | J601: 5451.2

Sheet Segmentation_Summary
A1: HCP Segmentation Summary
A3: Segment | B3: HCP Count | C3: Avg Potential | D3: Avg Receptivity | E3: Total Rx Volume | F3: Avg Calls/HCP
A4: Key Target | B4: =COUNTIF(Raw_Data!$H$2:$H$601,A4) | C4: =AVERAGEIFS(Raw_Data!$F$2:$F$601,Raw_Data!$H$2:$H$601,A4) | D4: =AVERAGEIFS(Raw_Data!$G$2:$G$601,Raw_Data!$H$2:$H$601,A4) | E4: =SUMIFS(Raw_Data!$J$2:$J$601,Raw_Data!$H$2:$H$601,A4) | F4: =AVERAGEIFS(Raw_Data!$I$2:$I$601,Raw_Data!$H$2:$H$601,A4)
A5: Growth | B5: =COUNTIF(Raw_Data!$H$2:$H$601,A5) | C5: =AVERAGEIFS(Raw_Data!$F$2:$F$601,Raw_Data!$H$2:$H$601,A5) | D5: =AVERAGEIFS(Raw_Data!$G$2:$G$601,Raw_Data!$H$2:$H$601,A5) | E5: =SUMIFS(Raw_Data!$J$2:$J$601,Raw_Data!$H$2:$H$601,A5) | F5: =AVERAGEIFS(Raw_Data!$I$2:$I$601,Raw_Data!$H$2:$H$601,A5)
A6: Maintain | B6: =COUNTIF(Raw_Data!$H$2:$H$601,A6) | C6: =AVERAGEIFS(Raw_Data!$F$2:$F$601,Raw_Data!$H$2:$H$601,A6) | D6: =AVERAGEIFS(Raw_Data!$G$2:$G$601,Raw_Data!$H$2:$H$601,A6) | E6: =SUMIFS(Raw_Data!$J$2:$J$601,Raw_Data!$H$2:$H$601,A6) | F6: =AVERAGEIFS(Raw_Data!$I$2:$I$601,Raw_Data!$H$2:$H$601,A6)
A7: Low Priority | B7: =COUNTIF(Raw_Data!$H$2:$H$601,A7) | C7: =AVERAGEIFS(Raw_Data!$F$2:$F$601,Raw_Data!$H$2:$H$601,A7) | D7: =AVERAGEIFS(Raw_Data!$G$2:$G$601,Raw_Data!$H$2:$H$601,A7) | E7: =SUMIFS(Raw_Data!$J$2:$J$601,Raw_Data!$H$2:$H$601,A7) | F7: =AVERAGEIFS(Raw_Data!$I$2:$I$601,Raw_Data!$H$2:$H$601,A7)
A8: Total / Overall | B8: =SUM(B4:B7) | E8: =SUM(E4:E7)

Sheet Call_Plan_Compliance
A1: Call Plan Compliance by Segment
A3: Segment | B3: Target Calls/Month | C3: Actual Calls/Month | D3: Compliance %
A4: Key Target | B4: 2 | C4: =Segmentation_Summary!F4/12 | D4: =C4/B4
A5: Growth | B5: 1.5 | C5: =Segmentation_Summary!F5/12 | D5: =C5/B5
A6: Maintain | B6: 1 | C6: =Segmentation_Summary!F6/12 | D6: =C6/B6
A7: Low Priority | B7: 0.4 | C7: =Segmentation_Summary!F7/12 | D7: =C7/B7

Sheet Marketing_Mix
A1: Rx per Call — Specialty x Region
A3: Specialty | B3: Midwest | C3: Northeast | D3: South | E3: West
A4: Cardiology | B4: =IFERROR(SUMIFS(Raw_Data!$J$2:$J$601,Raw_Data!$B$2:$B$601,$A4,Raw_Data!$C$2:$C$601,B$3)/SUMIFS(Raw_Data!$I$2:$I$601,Raw_Data!$B$2:$B$601,$A4,Raw_Data!$C$2:$C$601,B$3),0) | C4: =IFERROR(SUMIFS(Raw_Data!$J$2:$J$601,Raw_Data!$B$2:$B$601,$A4,Raw_Data!$C$2:$C$601,C$3)/SUMIFS(Raw_Data!$I$2:$I$601,Raw_Data!$B$2:$B$601,$A4,Raw_Data!$C$2:$C$601,C$3),0) | D4: =IFERROR(SUMIFS(Raw_Data!$J$2:$J$601,Raw_Data!$B$2:$B$601,$A4,Raw_Data!$C$2:$C$601,D$3)/SUMIFS(Raw_Data!$I$2:$I$601,Raw_Data!$B$2:$B$601,$A4,Raw_Data!$C$2:$C$601,D$3),0) | E4: =IFERROR(SUMIFS(Raw_Data!$J$2:$J$601,Raw_Data!$B$2:$B$601,$A4,Raw_Data!$C$2:$C$601,E$3)/SUMIFS(Raw_Data!$I$2:$I$601,Raw_Data!$B$2:$B$601,$A4,Raw_Data!$C$2:$C$601,E$3),0)
A5: Endocrinology | B5: =IFERROR(SUMIFS(Raw_Data!$J$2:$J$601,Raw_Data!$B$2:$B$601,$A5,Raw_Data!$C$2:$C$601,B$3)/SUMIFS(Raw_Data!$I$2:$I$601,Raw_Data!$B$2:$B$601,$A5,Raw_Data!$C$2:$C$601,B$3),0) | C5: =IFERROR(SUMIFS(Raw_Data!$J$2:$J$601,Raw_Data!$B$2:$B$601,$A5,Raw_Data!$C$2:$C$601,C$3)/SUMIFS(Raw_Data!$I$2:$I$601,Raw_Data!$B$2:$B$601,$A5,Raw_Data!$C$2:$C$601,C$3),0) | D5: =IFERROR(SUMIFS(Raw_Data!$J$2:$J$601,Raw_Data!$B$2:$B$601,$A5,Raw_Data!$C$2:$C$601,D$3)/SUMIFS(Raw_Data!$I$2:$I$601,Raw_Data!$B$2:$B$601,$A5,Raw_Data!$C$2:$C$601,D$3),0) | E5: =IFERROR(SUMIFS(Raw_Data!$J$2:$J$601,Raw_Data!$B$2:$B$601,$A5,Raw_Data!$C$2:$C$601,E$3)/SUMIFS(Raw_Data!$I$2:$I$601,Raw_Data!$B$2:$B$601,$A5,Raw_Data!$C$2:$C$601,E$3),0)
A6: Neurology | B6: =IFERROR(SUMIFS(Raw_Data!$J$2:$J$601,Raw_Data!$B$2:$B$601,$A6,Raw_Data!$C$2:$C$601,B$3)/SUMIFS(Raw_Data!$I$2:$I$601,Raw_Data!$B$2:$B$601,$A6,Raw_Data!$C$2:$C$601,B$3),0) | C6: =IFERROR(SUMIFS(Raw_Data!$J$2:$J$601,Raw_Data!$B$2:$B$601,$A6,Raw_Data!$C$2:$C$601,C$3)/SUMIFS(Raw_Data!$I$2:$I$601,Raw_Data!$B$2:$B$601,$A6,Raw_Data!$C$2:$C$601,C$3),0) | D6: =IFERROR(SUMIFS(Raw_Data!$J$2:$J$601,Raw_Data!$B$2:$B$601,$A6,Raw_Data!$C$2:$C$601,D$3)/SUMIFS(Raw_Data!$I$2:$I$601,Raw_Data!$B$2:$B$601,$A6,Raw_Data!$C$2:$C$601,D$3),0) | E6: =IFERROR(SUMIFS(Raw_Data!$J$2:$J$601,Raw_Data!$B$2:$B$601,$A6,Raw_Data!$C$2:$C$601,E$3)/SUMIFS(Raw_Data!$I$2:$I$601,Raw_Data!$B$2:$B$601,$A6,Raw_Data!$C$2:$C$601,E$3),0)
A7: Oncology | B7: =IFERROR(SUMIFS(Raw_Data!$J$2:$J$601,Raw_Data!$B$2:$B$601,$A7,Raw_Data!$C$2:$C$601,B$3)/SUMIFS(Raw_Data!$I$2:$I$601,Raw_Data!$B$2:$B$601,$A7,Raw_Data!$C$2:$C$601,B$3),0) | C7: =IFERROR(SUMIFS(Raw_Data!$J$2:$J$601,Raw_Data!$B$2:$B$601,$A7,Raw_Data!$C$2:$C$601,C$3)/SUMIFS(Raw_Data!$I$2:$I$601,Raw_Data!$B$2:$B$601,$A7,Raw_Data!$C$2:$C$601,C$3),0) | D7: =IFERROR(SUMIFS(Raw_Data!$J$2:$J$601,Raw_Data!$B$2:$B$601,$A7,Raw_Data!$C$2:$C$601,D$3)/SUMIFS(Raw_Data!$I$2:$I$601,Raw_Data!$B$2:$B$601,$A7,Raw_Data!$C$2:$C$601,D$3),0) | E7: =IFERROR(SUMIFS(Raw_Data!$J$2:$J$601,Raw_Data!$B$2:$B$601,$A7,Raw_Data!$C$2:$C$601,E$3)/SUMIFS(Raw_Data!$I$2:$I$601,Raw_Data!$B$2:$B$601,$A7,Raw_Data!$C$2:$C$601,E$3),0)
A8: Primary Care | B8: =IFERROR(SUMIFS(Raw_Data!$J$2:$J$601,Raw_Data!$B$2:$B$601,$A8,Raw_Data!$C$2:$C$601,B$3)/SUMIFS(Raw_Data!$I$2:$I$601,Raw_Data!$B$2:$B$601,$A8,Raw_Data!$C$2:$C$601,B$3),0) | C8: =IFERROR(SUMIFS(Raw_Data!$J$2:$J$601,Raw_Data!$B$2:$B$601,$A8,Raw_Data!$C$2:$C$601,C$3)/SUMIFS(Raw_Data!$I$2:$I$601,Raw_Data!$B$2:$B$601,$A8,Raw_Data!$C$2:$C$601,C$3),0) | D8: =IFERROR(SUMIFS(Raw_Data!$J$2:$J$601,Raw_Data!$B$2:$B$601,$A8,Raw_Data!$C$2:$C$601,D$3)/SUMIFS(Raw_Data!$I$2:$I$601,Raw_Data!$B$2:$B$601,$A8,Raw_Data!$C$2:$C$601,D$3),0) | E8: =IFERROR(SUMIFS(Raw_Data!$J$2:$J$601,Raw_Data!$B$2:$B$601,$A8,Raw_Data!$C$2:$C$601,E$3)/SUMIFS(Raw_Data!$I$2:$I$601,Raw_Data!$B$2:$B$601,$A8,Raw_Data!$C$2:$C$601,E$3),0)

Sheet ICM_Assumptions
A1: Incentive Compensation — Payout Curve Assumptions
A3: Assumption | B3: Value | C3: Notes
A4: Threshold (min payout starts) | B4: 0.8 | C4: Below this attainment: $0 payout
A5: Target attainment | B5: 1 | C5: 100% attainment = Full Payout
A6: Accelerator threshold | B6: 1.1 | C6: At/above this attainment = Accelerator tier
A7: Base Quarterly Incentive ($) | B7: 5000 | C7: Illustrative target incentive per rep per quarter
A8: Partial Payout % | B8: 0.5 | C8: Payout multiple for Threshold <= attainment < 100%
A9: Full Payout % | B9: 1 | C9: Payout multiple for 100% <= attainment < Accelerator
A10: Accelerator Payout % | B10: 1.5 | C10: Payout multiple at/above Accelerator threshold
